Customer_ID,Name,Email,Phone,City
1,Mehedi Hasan,balljoseph@wright-keith.net,1234567891,Rangpur
2,Arif Hossain,kimberlybennett@curtis.com,1234567892,Narayanganj
3,Karim Uddin,beanmichael@burnett-stewart.net,1234567893,Narayanganj
4,Arif Hossain,amandahood@warren.com,1234567894,Chattogram
5,Imran Hossain,connerjohn@yahoo.com,1234567895,Barishal
6,Tanjila Rahman,ricemiguel@yahoo.com,1234567896,Narayanganj
7,Imran Hossain,jeffrey91@yahoo.com,1234567897,Chattogram
8,Nusrat Jahan,austinkenneth@manning.net,1234567898,Gazipur
9,Farhana Akter,jeffrey41@diaz.com,1234567899,Khulna
10,Nayeem Hasan,staciekelley@heath.com,1234567900,Khulna
11,Rahim Ahmed,rmiller@gmail.com,1234567901,Narayanganj
12,Nusrat Jahan,wilsonbrittany@hotmail.com,1234567902,Chattogram
13,Tanjila Rahman,sarahwilliams@hotmail.com,1234567903,Mymensingh
14,Farhana Akter,johnsonalexander@gmail.com,1234567904,Dhaka
15,Rafi Ahmed,tbullock@gmail.com,1234567905,Dhaka
16,Rafi Ahmed,jackjackson@hotmail.com,1234567906,Barishal
17,Karim Uddin,ztaylor@yahoo.com,1234567907,Khulna
18,Tanvir Hasan,laurenlawson@alvarez-mcfarland.com,1234567908,Rajshahi
19,Imran Hossain,joshua59@gmail.com,1234567909,Dhaka
20,Rafi Ahmed,schultzjohn@thomas.com,1234567910,Khulna
21,Mehedi Hasan,maria51@gmail.com,1234567911,Narayanganj
22,Nayeem Hasan,fjohnson@gmail.com,1234567912,Dhaka
23,Imran Hossain,sandersallen@hotmail.com,1234567913,Dhaka
24,Sadia Islam,justin67@yahoo.com,1234567914,Gazipur
25,Arif Hossain,reynoldstyrone@wiggins.com,1234567915,Sylhet
26,Imran Hossain,isaac43@gmail.com,1234567916,Rajshahi
27,Tanjila Rahman,collin21@hotmail.com,1234567917,Khulna
28,Sharmin Sultana,valeriemack@gmail.com,1234567918,Mymensingh
29,Rahim Ahmed,martinsamantha@martin.net,1234567919,Gazipur
30,Arif Hossain,oanderson@yahoo.com,1234567920,Khulna
31,Tanjila Rahman,lolsen@jones.com,1234567921,Sylhet
32,Rafi Ahmed,nmcmillan@smith.com,1234567922,Rajshahi
33,Sadia Islam,michele78@yahoo.com,1234567923,Chattogram
34,Tanjila Rahman,joseph37@gmail.com,1234567924,Gazipur
35,Sadia Islam,nday@combs.com,1234567925,Khulna
36,Nusrat Jahan,alexander26@hotmail.com,1234567926,Rangpur
37,Karim Uddin,benjamin38@thompson-adams.net,1234567927,Barishal
38,Rahim Ahmed,christine93@perkins.com,1234567928,Narayanganj
39,Farhana Akter,aprice@hotmail.com,1234567929,Narayanganj
40,Arif Hossain,wjackson@bowen.com,1234567930,Gazipur
41,Nayeem Hasan,andrew07@gmail.com,1234567931,Mymensingh
42,Karim Uddin,ohood@yahoo.com,1234567932,Khulna
43,Arif Hossain,jill61@herrera.org,1234567933,Barishal
44,Sharmin Sultana,craig42@smith-carroll.com,1234567934,Rajshahi
45,Imran Hossain,whitemargaret@blackwell.info,1234567935,Barishal
46,Tanjila Rahman,stacywilson@hotmail.com,1234567936,Mymensingh
47,Tanvir Hasan,dawnmyers@munoz-ayala.com,1234567937,Mymensingh
48,Farhana Akter,lisa63@barber.org,1234567938,Mymensingh
49,Nayeem Hasan,katrinaedwards@anderson.org,1234567939,Rajshahi
50,Nayeem Hasan,omoore@garcia.com,1234567940,Narayanganj
51,Nayeem Hasan,huertarobert@gmail.com,1234567941,Barishal
52,Mim Akter,larry64@gmail.com,1234567942,Rajshahi
53,Nayeem Hasan,emerritt@yahoo.com,1234567943,Barishal
54,Sabbir Hossain,bmedina@hotmail.com,1234567944,Sylhet
55,Mehedi Hasan,janicethompson@jones-arnold.com,1234567945,Dhaka
56,Mim Akter,hernandezchelsea@thompson.com,1234567946,Sylhet
57,Rafi Ahmed,debra75@gmail.com,1234567947,Dhaka
58,Rahim Ahmed,anthony39@gmail.com,1234567948,Gazipur
59,Rafi Ahmed,msanchez@king.net,1234567949,Rajshahi
60,Tanjila Rahman,timothy98@durham.info,1234567950,Sylhet
61,Sadia Islam,cynthia58@robinson.biz,1234567951,Khulna
62,Mehedi Hasan,pamelamartin@yahoo.com,1234567952,Barishal
63,Nayeem Hasan,alicia70@hotmail.com,1234567953,Chattogram
64,Imran Hossain,michael13@cantu-hawkins.com,1234567954,Rangpur
65,Sabbir Hossain,christopherhughes@gmail.com,1234567955,Khulna
66,Mehedi Hasan,rwhite@gmail.com,1234567956,Gazipur
67,Sharmin Sultana,andrew13@pacheco-hughes.com,1234567957,Gazipur
68,Tanjila Rahman,imiller@gmail.com,1234567958,Dhaka
69,Sharmin Sultana,linda39@yahoo.com,1234567959,Narayanganj
70,Mehedi Hasan,jimenezchristine@dickson.com,1234567960,Chattogram
71,Sabbir Hossain,douglasmccarthy@woodward-gallagher.com,1234567961,Barishal
72,Karim Uddin,mary21@henry-maynard.com,1234567962,Dhaka
73,Karim Uddin,vwelch@yahoo.com,1234567963,Rajshahi
74,Nayeem Hasan,brendawong@juarez-camacho.biz,1234567964,Gazipur
75,Rahim Ahmed,jennifer35@mann.biz,1234567965,Gazipur
76,Sabbir Hossain,jonesdylan@gmail.com,1234567966,Narayanganj
77,Arif Hossain,thomas00@stewart.com,1234567967,Gazipur
78,Farhana Akter,ryanbuchanan@hotmail.com,1234567968,Rajshahi
79,Mim Akter,walkerrichard@young-grimes.com,1234567969,Gazipur
80,Rafi Ahmed,kentchristian@gmail.com,1234567970,Rangpur
81,Mim Akter,patrick24@hotmail.com,1234567971,Dhaka
82,Tanvir Hasan,greenmichael@hotmail.com,1234567972,Gazipur
83,Rafi Ahmed,jessica98@hotmail.com,1234567973,Sylhet
84,Farhana Akter,leonardtaylor@bowers.net,1234567974,Mymensingh
85,Tanvir Hasan,cmyers@cooper-davies.com,1234567975,Mymensingh
86,Sabbir Hossain,rebeccataylor@mcbride.info,1234567976,Gazipur
87,Nayeem Hasan,jenniferrodgers@garrison-baker.com,1234567977,Mymensingh
88,Sharmin Sultana,kimangela@yahoo.com,1234567978,Chattogram
89,Tanjila Rahman,gparks@yahoo.com,1234567979,Chattogram
90,Karim Uddin,moorebrittany@yahoo.com,1234567980,Narayanganj
91,Sadia Islam,usimon@wright.com,1234567981,Barishal
92,Imran Hossain,kathy50@hotmail.com,1234567982,Sylhet
93,Nayeem Hasan,frank29@yahoo.com,1234567983,Narayanganj
94,Tanjila Rahman,millermichael@gmail.com,1234567984,Sylhet
95,Sadia Islam,samanthaking@hogan.org,1234567985,Rajshahi
96,Arif Hossain,bayers@gmail.com,1234567986,Barishal
97,Farhana Akter,amanda13@yahoo.com,1234567987,Barishal
98,Rahim Ahmed,anicholson@gregory.com,1234567988,Rajshahi
99,Nayeem Hasan,janet99@davis.net,1234567989,Barishal
100,Nusrat Jahan,wsimpson@yahoo.com,1234567990,Mymensingh
101,Mim Akter,shirleythomas@allen-skinner.net,1234567991,Rajshahi
102,Nusrat Jahan,ufigueroa@hotmail.com,1234567992,Rangpur
103,Sabbir Hossain,watsonmolly@yahoo.com,1234567993,Gazipur
104,Nusrat Jahan,amartinez@gmail.com,1234567994,Sylhet
105,Nayeem Hasan,mstrong@yahoo.com,1234567995,Barishal
106,Sabbir Hossain,kimberly54@yahoo.com,1234567996,Rajshahi
107,Rafi Ahmed,emilybecker@perkins.com,1234567997,Barishal
108,Tanvir Hasan,resparza@hotmail.com,1234567998,Mymensingh
109,Rahim Ahmed,qbarber@shelton.org,1234567999,Khulna
110,Sabbir Hossain,jgutierrez@gmail.com,1234568000,Khulna
111,Sabbir Hossain,millerdaniel@hotmail.com,1234568001,Chattogram
112,Sabbir Hossain,johnny54@gmail.com,1234568002,Rajshahi
113,Tanvir Hasan,frazierapril@hotmail.com,1234568003,Khulna
114,Tanjila Rahman,chavezpaula@gmail.com,1234568004,Mymensingh
115,Rafi Ahmed,adamsmith@mckay-ward.com,1234568005,Narayanganj
116,Rafi Ahmed,melissa54@gmail.com,1234568006,Sylhet
117,Sharmin Sultana,jamesswanson@williams-smith.info,1234568007,Dhaka
118,Sharmin Sultana,nichole06@obrien-smith.com,1234568008,Chattogram
119,Sadia Islam,hholland@gmail.com,1234568009,Khulna
120,Arif Hossain,catherinehayes@hotmail.com,1234568010,Khulna
121,Sabbir Hossain,wfrey@sosa.info,1234568011,Barishal
122,Rafi Ahmed,darlenelawson@chan.com,1234568012,Rangpur
123,Sabbir Hossain,bellison@yahoo.com,1234568013,Dhaka
124,Tanjila Rahman,vaughansarah@gutierrez-patton.com,1234568014,Barishal
125,Sabbir Hossain,udavis@patton.com,1234568015,Gazipur
126,Sharmin Sultana,david81@shelton.com,1234568016,Barishal
127,Farhana Akter,sharon15@stone.com,1234568017,Sylhet
128,Tanjila Rahman,wellsmichael@baker.info,1234568018,Barishal
129,Karim Uddin,singhsarah@gmail.com,1234568019,Rajshahi
130,Rafi Ahmed,janice97@hotmail.com,1234568020,Rajshahi
131,Nayeem Hasan,wmorales@miller.com,1234568021,Barishal
132,Sharmin Sultana,millerjason@yahoo.com,1234568022,Sylhet
133,Imran Hossain,pyoung@hotmail.com,1234568023,Sylhet
134,Karim Uddin,brenda93@gmail.com,1234568024,Dhaka
135,Mim Akter,amullins@hernandez.info,1234568025,Dhaka
136,Tanjila Rahman,billysmith@yahoo.com,1234568026,Khulna
137,Arif Hossain,tsummers@yahoo.com,1234568027,Chattogram
138,Rahim Ahmed,bryan17@hotmail.com,1234568028,Chattogram
139,Rafi Ahmed,michelleaustin@gmail.com,1234568029,Khulna
140,Nayeem Hasan,zturner@matthews-clark.com,1234568030,Chattogram
141,Karim Uddin,morganhubbard@yahoo.com,1234568031,Sylhet
142,Arif Hossain,tylerbennett@johnston.com,1234568032,Rangpur
143,Nusrat Jahan,pateltim@edwards.com,1234568033,Chattogram
144,Farhana Akter,christopherhart@davis.com,1234568034,Mymensingh
145,Sabbir Hossain,david49@donaldson.com,1234568035,Gazipur
146,Sadia Islam,fbaker@yahoo.com,1234568036,Mymensingh
147,Farhana Akter,patrickanderson@yahoo.com,1234568037,Dhaka
148,Tanjila Rahman,gbrowning@yahoo.com,1234568038,Gazipur
149,Mim Akter,masonzachary@gmail.com,1234568039,Rangpur
150,Tanjila Rahman,stephanie05@padilla.net,1234568040,Chattogram
151,Tanjila Rahman,perezjudith@delacruz.org,1234568041,Mymensingh
152,Farhana Akter,fross@hotmail.com,1234568042,Chattogram
153,Sharmin Sultana,hillhannah@brown-carroll.info,1234568043,Rangpur
154,Rafi Ahmed,petersonvictoria@hawkins.org,1234568044,Gazipur
155,Karim Uddin,staceycohen@chen.com,1234568045,Mymensingh
156,Sabbir Hossain,bradleyhernandez@yahoo.com,1234568046,Barishal
157,Rafi Ahmed,stokescaroline@gmail.com,1234568047,Gazipur
158,Nusrat Jahan,brian45@miller.com,1234568048,Sylhet
159,Arif Hossain,epage@yahoo.com,1234568049,Rangpur
160,Rahim Ahmed,johnnygriffith@gmail.com,1234568050,Khulna
161,Sharmin Sultana,melissawilliams@green.com,1234568051,Rajshahi
162,Farhana Akter,oschmidt@hotmail.com,1234568052,Mymensingh
163,Tanvir Hasan,sheilalester@gmail.com,1234568053,Rajshahi
164,Arif Hossain,barbara97@hotmail.com,1234568054,Barishal
165,Rafi Ahmed,wcunningham@gmail.com,1234568055,Barishal
166,Mim Akter,dhurley@walsh.biz,1234568056,Rangpur
167,Nayeem Hasan,michaelsnyder@gmail.com,1234568057,Sylhet
168,Karim Uddin,daniellewilliams@stone-moore.com,1234568058,Rangpur
169,Mehedi Hasan,wellsmark@henderson.net,1234568059,Chattogram
170,Imran Hossain,pamela82@butler-wolfe.com,1234568060,Rajshahi
171,Nayeem Hasan,jeffreymahoney@morales.info,1234568061,Barishal
172,Nayeem Hasan,isaac98@gmail.com,1234568062,Gazipur
173,Mehedi Hasan,caseytina@yahoo.com,1234568063,Rajshahi
174,Tanvir Hasan,ryan10@yahoo.com,1234568064,Rangpur
175,Karim Uddin,smithmichele@moran.com,1234568065,Narayanganj
176,Mim Akter,williamjenkins@gmail.com,1234568066,Mymensingh
177,Rafi Ahmed,bryan44@yahoo.com,1234568067,Gazipur
178,Rafi Ahmed,johnsonrebecca@gmail.com,1234568068,Narayanganj
179,Rahim Ahmed,andrew52@sanchez-mullen.info,1234568069,Sylhet
180,Mehedi Hasan,jamie14@yahoo.com,1234568070,Chattogram
181,Arif Hossain,robert24@montgomery-frazier.com,1234568071,Rajshahi
182,Sabbir Hossain,robbinsmicheal@cox.com,1234568072,Rangpur
183,Sadia Islam,ramirezcaroline@weeks.info,1234568073,Narayanganj
184,Nusrat Jahan,webbpatrick@hotmail.com,1234568074,Rajshahi
185,Sadia Islam,sbrooks@yahoo.com,1234568075,Rangpur
186,Mehedi Hasan,derek84@hotmail.com,1234568076,Rajshahi
187,Mehedi Hasan,ocruz@yahoo.com,1234568077,Narayanganj
188,Tanjila Rahman,barbaraross@knight-brown.org,1234568078,Sylhet
189,Sadia Islam,williambrown@hotmail.com,1234568079,Sylhet
190,Nusrat Jahan,brandon93@hotmail.com,1234568080,Rajshahi
191,Karim Uddin,xpreston@yahoo.com,1234568081,Narayanganj
192,Mehedi Hasan,hcross@gmail.com,1234568082,Mymensingh
193,Farhana Akter,xrodgers@gmail.com,1234568083,Rajshahi
194,Rafi Ahmed,nelliott@yahoo.com,1234568084,Mymensingh
195,Sharmin Sultana,tracy39@smith-miller.com,1234568085,Sylhet
196,Nayeem Hasan,james06@yahoo.com,1234568086,Chattogram
197,Rahim Ahmed,ivelasquez@best-carey.com,1234568087,Khulna
198,Mehedi Hasan,rodriguezmadison@herrera.com,1234568088,Rangpur
199,Sadia Islam,brittanyellis@davis-scott.com,1234568089,Gazipur
200,Rahim Ahmed,probinson@gmail.com,1234568090,Gazipur
201,Imran Hossain,ngonzalez@yahoo.com,1234568091,Dhaka
202,Rahim Ahmed,jacobjohnson@ortega-johnson.com,1234568092,Mymensingh
203,Sadia Islam,jenna96@hotmail.com,1234568093,Narayanganj
204,Rafi Ahmed,edavenport@jenkins-green.com,1234568094,Sylhet
205,Mehedi Hasan,wjackson@hotmail.com,1234568095,Sylhet
206,Imran Hossain,tmckay@hotmail.com,1234568096,Khulna
207,Sadia Islam,dorseymichael@garcia-smith.com,1234568097,Mymensingh
208,Tanjila Rahman,morenoheather@scott.com,1234568098,Khulna
209,Rafi Ahmed,raymondmyers@trujillo.com,1234568099,Rangpur
210,Tanjila Rahman,ramirezdavid@cook.org,1234568100,Rajshahi
211,Sadia Islam,nhernandez@farmer.org,1234568101,Narayanganj
212,Karim Uddin,lwoods@bentley.biz,1234568102,Sylhet
213,Nayeem Hasan,robertwiggins@gmail.com,1234568103,Gazipur
214,Imran Hossain,amypierce@hotmail.com,1234568104,Rangpur
215,Tanvir Hasan,vrodgers@burns.com,1234568105,Mymensingh
216,Farhana Akter,brianwatkins@gmail.com,1234568106,Sylhet
217,Sadia Islam,hamiltonjose@hotmail.com,1234568107,Narayanganj
218,Mehedi Hasan,stacymccall@gmail.com,1234568108,Rangpur
219,Sharmin Sultana,woodmelissa@hotmail.com,1234568109,Barishal
220,Sharmin Sultana,randalllowery@yahoo.com,1234568110,Khulna
221,Nayeem Hasan,haileyjohnson@hotmail.com,1234568111,Narayanganj
222,Tanvir Hasan,staylor@copeland.info,1234568112,Rangpur
223,Sharmin Sultana,cjohnson@gmail.com,1234568113,Narayanganj
224,Tanjila Rahman,uthompson@hotmail.com,1234568114,Rajshahi
225,Nayeem Hasan,kcarlson@yahoo.com,1234568115,Rangpur
226,Rahim Ahmed,smithclinton@goodman-jackson.com,1234568116,Rangpur
227,Tanvir Hasan,michaelbell@miranda-thomas.info,1234568117,Narayanganj
228,Imran Hossain,hansenkristin@wright-white.net,1234568118,Sylhet
229,Sharmin Sultana,bryansmith@lopez.info,1234568119,Dhaka
230,Tanjila Rahman,barneslatoya@daniels-esparza.com,1234568120,Rangpur
231,Nusrat Jahan,joanmartinez@yahoo.com,1234568121,Rajshahi
232,Farhana Akter,xmiller@gmail.com,1234568122,Narayanganj
233,Tanvir Hasan,jason80@osborne.com,1234568123,Sylhet
234,Rahim Ahmed,kimberlyjones@moore.info,1234568124,Mymensingh
235,Tanvir Hasan,vlang@sanders-ellis.com,1234568125,Narayanganj
236,Mehedi Hasan,kingamber@gmail.com,1234568126,Narayanganj
237,Tanvir Hasan,karenwalton@williams.com,1234568127,Barishal
238,Tanjila Rahman,cfox@hotmail.com,1234568128,Rangpur
239,Mim Akter,kelly09@lopez.biz,1234568129,Mymensingh
240,Imran Hossain,kyle55@thomas.org,1234568130,Mymensingh
241,Sadia Islam,john63@brandt.net,1234568131,Chattogram
242,Rafi Ahmed,careykevin@yahoo.com,1234568132,Barishal
243,Sadia Islam,john14@yahoo.com,1234568133,Dhaka
244,Nusrat Jahan,nfoster@yahoo.com,1234568134,Rangpur
245,Sadia Islam,johnsonamanda@hotmail.com,1234568135,Barishal
246,Tanjila Rahman,marytorres@wolfe.biz,1234568136,Mymensingh
247,Sharmin Sultana,rhondabailey@hotmail.com,1234568137,Chattogram
248,Sharmin Sultana,joy49@hotmail.com,1234568138,Gazipur
249,Rahim Ahmed,carmenatkinson@hotmail.com,1234568139,Barishal
250,Rahim Ahmed,awaters@hotmail.com,1234568140,Khulna
251,Mehedi Hasan,idavis@freeman.org,1234568141,Rajshahi
252,Imran Hossain,pmeyer@noble.com,1234568142,Narayanganj
253,Sharmin Sultana,sowen@yahoo.com,1234568143,Dhaka
254,Sharmin Sultana,craigrichard@yahoo.com,1234568144,Rangpur
255,Tanvir Hasan,kristi92@gmail.com,1234568145,Gazipur
256,Arif Hossain,stephenthompson@yoder-pearson.com,1234568146,Rajshahi
257,Sadia Islam,ambertorres@jordan.biz,1234568147,Chattogram
258,Imran Hossain,michael67@yahoo.com,1234568148,Dhaka
259,Arif Hossain,npadilla@yahoo.com,1234568149,Rangpur
260,Tanvir Hasan,jenniferodom@gmail.com,1234568150,Dhaka
261,Karim Uddin,dguzman@hall-gentry.com,1234568151,Mymensingh
262,Arif Hossain,deborah24@long.net,1234568152,Mymensingh
263,Farhana Akter,timothymiller@flores-ball.biz,1234568153,Sylhet
264,Tanvir Hasan,youngjohn@lewis.info,1234568154,Rangpur
265,Sabbir Hossain,mckenziealfred@gmail.com,1234568155,Narayanganj
266,Tanvir Hasan,hmoore@ortiz.com,1234568156,Dhaka
267,Nayeem Hasan,april69@vazquez.com,1234568157,Rajshahi
268,Nusrat Jahan,markperez@gmail.com,1234568158,Chattogram
269,Nusrat Jahan,ysandoval@mcgrath.com,1234568159,Narayanganj
270,Sharmin Sultana,davidbarnes@yahoo.com,1234568160,Barishal
271,Rahim Ahmed,jennifer30@hotmail.com,1234568161,Narayanganj
272,Rahim Ahmed,davidandrade@gmail.com,1234568162,Barishal
273,Nayeem Hasan,sawyerraven@gmail.com,1234568163,Rajshahi
274,Arif Hossain,trevortucker@gmail.com,1234568164,Sylhet
275,Tanjila Rahman,elizabeth45@hotmail.com,1234568165,Dhaka
276,Rafi Ahmed,roberthayes@tucker.biz,1234568166,Khulna
277,Mehedi Hasan,nicholasdean@foster-hall.org,1234568167,Rangpur
278,Sadia Islam,jamesortiz@gmail.com,1234568168,Narayanganj
279,Rahim Ahmed,efuller@williams-johnson.biz,1234568169,Sylhet
280,Imran Hossain,drangel@gmail.com,1234568170,Barishal
281,Karim Uddin,idiaz@hotmail.com,1234568171,Narayanganj
282,Nayeem Hasan,xparrish@terry.info,1234568172,Dhaka
283,Rahim Ahmed,nbrown@hotmail.com,1234568173,Gazipur
284,Rafi Ahmed,donald50@yahoo.com,1234568174,Gazipur
285,Karim Uddin,jonathan90@gmail.com,1234568175,Sylhet
286,Tanjila Rahman,stephaniealexander@yahoo.com,1234568176,Barishal
287,Tanjila Rahman,normanlane@gmail.com,1234568177,Rajshahi
288,Sadia Islam,nathan91@peterson-rhodes.info,1234568178,Gazipur
289,Nusrat Jahan,joan36@yahoo.com,1234568179,Gazipur
290,Sharmin Sultana,egonzalez@bell.com,1234568180,Mymensingh
291,Tanvir Hasan,fmiller@yahoo.com,1234568181,Chattogram
292,Tanvir Hasan,erinkelly@robinson.com,1234568182,Barishal
293,Sharmin Sultana,justindillon@yahoo.com,1234568183,Chattogram
294,Tanjila Rahman,dnoble@gmail.com,1234568184,Dhaka
295,Nusrat Jahan,qsmith@hotmail.com,1234568185,Mymensingh
296,Rahim Ahmed,wallacekenneth@jones.com,1234568186,Gazipur
297,Imran Hossain,woodjohn@duncan.com,1234568187,Rangpur
298,Karim Uddin,qlopez@valdez.com,1234568188,Rajshahi
299,Mim Akter,pittmanelizabeth@armstrong-shepard.com,1234568189,Mymensingh
300,Karim Uddin,heathersanders@gmail.com,1234568190,Gazipur
301,Mim Akter,hhuerta@craig-zimmerman.biz,1234568191,Rangpur
302,Rafi Ahmed,heatherhunter@hotmail.com,1234568192,Barishal
303,Sadia Islam,russellthomas@thomas-perkins.com,1234568193,Gazipur
304,Tanjila Rahman,davidraymond@gmail.com,1234568194,Rajshahi
305,Farhana Akter,kmontgomery@carroll.info,1234568195,Khulna
306,Sabbir Hossain,brownrachel@yahoo.com,1234568196,Sylhet
307,Mehedi Hasan,lisa66@hotmail.com,1234568197,Sylhet
308,Tanvir Hasan,williamcunningham@johnson.com,1234568198,Rangpur
309,Arif Hossain,talexander@hotmail.com,1234568199,Rajshahi
310,Nayeem Hasan,daltonerika@thompson.info,1234568200,Rangpur
311,Mim Akter,sarah34@frank-woodard.com,1234568201,Barishal
312,Sabbir Hossain,colleen51@king.com,1234568202,Narayanganj
313,Sadia Islam,laura23@hotmail.com,1234568203,Khulna
314,Nayeem Hasan,alvaradocarolyn@hotmail.com,1234568204,Sylhet
315,Nayeem Hasan,adamsgrant@hotmail.com,1234568205,Mymensingh
316,Imran Hossain,kdaniels@gmail.com,1234568206,Rangpur
317,Tanjila Rahman,kellymorgan@collins.com,1234568207,Sylhet
318,Mim Akter,rhuynh@sanchez.org,1234568208,Gazipur
319,Sabbir Hossain,natalieconrad@hotmail.com,1234568209,Rajshahi
320,Nusrat Jahan,dawn39@leach.com,1234568210,Dhaka
321,Tanvir Hasan,edowns@holmes-adams.org,1234568211,Dhaka
322,Rahim Ahmed,lharrell@mcintyre.com,1234568212,Sylhet
323,Karim Uddin,pharris@gmail.com,1234568213,Khulna
324,Farhana Akter,lorimoses@james.com,1234568214,Dhaka
325,Karim Uddin,lklein@gmail.com,1234568215,Rangpur
326,Sabbir Hossain,jimmycervantes@singh.com,1234568216,Mymensingh
327,Arif Hossain,jermainerodriguez@gmail.com,1234568217,Barishal
328,Mim Akter,moorewilliam@hughes.biz,1234568218,Rajshahi
329,Sharmin Sultana,morgangeorge@buck.com,1234568219,Narayanganj
330,Karim Uddin,haroldburns@dougherty.com,1234568220,Barishal
331,Farhana Akter,fosterjames@anderson.biz,1234568221,Rangpur
332,Tanvir Hasan,smithlauren@hart.com,1234568222,Khulna
333,Mim Akter,heather99@mccullough.com,1234568223,Rangpur
334,Rahim Ahmed,wangjason@gmail.com,1234568224,Sylhet
335,Sabbir Hossain,baileymichelle@lewis.com,1234568225,Narayanganj
336,Rafi Ahmed,lauraharvey@yahoo.com,1234568226,Barishal
337,Mehedi Hasan,nortonpatrick@martinez.com,1234568227,Rangpur
338,Tanvir Hasan,lauren52@hotmail.com,1234568228,Rajshahi
339,Mim Akter,david63@gmail.com,1234568229,Dhaka
340,Nusrat Jahan,psmith@adams.com,1234568230,Gazipur
341,Rafi Ahmed,bnoble@gmail.com,1234568231,Narayanganj
342,Rafi Ahmed,kelly30@yahoo.com,1234568232,Barishal
343,Sadia Islam,madison80@hebert.net,1234568233,Chattogram
344,Rahim Ahmed,aramirez@arnold.com,1234568234,Mymensingh
345,Tanjila Rahman,leslie78@howe.com,1234568235,Gazipur
346,Sadia Islam,dmcintyre@luna.com,1234568236,Gazipur
347,Karim Uddin,michaeldaugherty@yahoo.com,1234568237,Rangpur
348,Imran Hossain,wayne40@wilkerson.com,1234568238,Dhaka
349,Farhana Akter,harveyralph@wilson.info,1234568239,Sylhet
350,Tanjila Rahman,jallen@koch-phillips.com,1234568240,Rangpur
351,Nusrat Jahan,kcarroll@gmail.com,1234568241,Mymensingh
352,Arif Hossain,emily63@taylor.com,1234568242,Sylhet
353,Sadia Islam,vargasdylan@stark-hicks.biz,1234568243,Khulna
354,Sabbir Hossain,richardbutler@pineda.com,1234568244,Narayanganj
355,Mehedi Hasan,dperez@hotmail.com,1234568245,Narayanganj
356,Rahim Ahmed,evansandrew@walls.com,1234568246,Narayanganj
357,Nusrat Jahan,matthew25@jones-brown.net,1234568247,Chattogram
358,Imran Hossain,christopher45@roberts.com,1234568248,Gazipur
359,Karim Uddin,mbyrd@howard.org,1234568249,Barishal
360,Mim Akter,victoriacrane@simmons.com,1234568250,Chattogram
361,Tanjila Rahman,hendricksaustin@gmail.com,1234568251,Rangpur
362,Tanjila Rahman,davisrebecca@webb.org,1234568252,Dhaka
363,Mehedi Hasan,williamsanthony@gmail.com,1234568253,Chattogram
364,Sadia Islam,chelsea23@gillespie-walker.com,1234568254,Gazipur
365,Nusrat Jahan,marshallsharon@yahoo.com,1234568255,Rajshahi
366,Sabbir Hossain,burkekathryn@hotmail.com,1234568256,Rangpur
367,Mehedi Hasan,cohenvictoria@yahoo.com,1234568257,Dhaka
368,Rafi Ahmed,sydney29@nguyen-jones.biz,1234568258,Sylhet
369,Farhana Akter,jamie47@olson.com,1234568259,Dhaka
370,Sharmin Sultana,morenonicole@hotmail.com,1234568260,Mymensingh
371,Nusrat Jahan,lhoward@sanchez-mosley.com,1234568261,Mymensingh
372,Arif Hossain,ginarojas@smith.com,1234568262,Sylhet
373,Karim Uddin,pmcknight@yahoo.com,1234568263,Gazipur
374,Sabbir Hossain,pattersonlisa@wagner-thompson.net,1234568264,Sylhet
375,Sabbir Hossain,guerraedward@irwin.net,1234568265,Dhaka
376,Sadia Islam,itaylor@yahoo.com,1234568266,Chattogram
377,Arif Hossain,anna59@hall.com,1234568267,Barishal
378,Sabbir Hossain,dana95@yahoo.com,1234568268,Gazipur
379,Farhana Akter,chrisrichardson@gmail.com,1234568269,Khulna
380,Mim Akter,broberts@flynn.info,1234568270,Sylhet
381,Arif Hossain,tjones@yahoo.com,1234568271,Chattogram
382,Nayeem Hasan,parkscaleb@gmail.com,1234568272,Barishal
383,Mehedi Hasan,jbowen@gmail.com,1234568273,Chattogram
384,Mim Akter,davidvelez@romero-marsh.com,1234568274,Khulna
385,Nayeem Hasan,jacquelinelee@yahoo.com,1234568275,Rangpur
386,Rahim Ahmed,mandy28@thomas-white.com,1234568276,Sylhet
387,Nayeem Hasan,michellecraig@gmail.com,1234568277,Gazipur
388,Rafi Ahmed,goodmanmary@lara-bowen.net,1234568278,Barishal
389,Tanjila Rahman,lnash@bates-greene.com,1234568279,Rangpur
390,Karim Uddin,melissaellis@yahoo.com,1234568280,Sylhet
391,Imran Hossain,rmoore@singleton-baldwin.com,1234568281,Narayanganj
392,Farhana Akter,steven64@hotmail.com,1234568282,Barishal
393,Tanvir Hasan,martinmichael@rodriguez-hill.org,1234568283,Rajshahi
394,Mehedi Hasan,ledwards@hotmail.com,1234568284,Gazipur
395,Farhana Akter,hgomez@gmail.com,1234568285,Rangpur
396,Tanjila Rahman,nina87@hotmail.com,1234568286,Chattogram
397,Nayeem Hasan,nathanielrogers@yahoo.com,1234568287,Narayanganj
398,Farhana Akter,michael14@nunez.net,1234568288,Khulna
399,Sharmin Sultana,joneschristine@gmail.com,1234568289,Mymensingh
400,Sharmin Sultana,doris54@hotmail.com,1234568290,Chattogram
401,Tanjila Rahman,johnsimpson@hotmail.com,1234568291,Mymensingh
402,Karim Uddin,joshuawatkins@yahoo.com,1234568292,Chattogram
403,Sharmin Sultana,laura69@cohen.com,1234568293,Khulna
404,Tanvir Hasan,christina28@espinoza.com,1234568294,Dhaka
405,Mim Akter,knightmonica@krueger-hamilton.biz,1234568295,Rajshahi
406,Nusrat Jahan,gordonpaula@gmail.com,1234568296,Narayanganj
407,Arif Hossain,samanthasummers@hotmail.com,1234568297,Narayanganj
408,Sadia Islam,jose68@vasquez.org,1234568298,Sylhet
409,Farhana Akter,saratrevino@wagner-hicks.com,1234568299,Rajshahi
410,Tanvir Hasan,zvalenzuela@snyder-miller.info,1234568300,Gazipur
411,Mehedi Hasan,mallory64@yahoo.com,1234568301,Gazipur
412,Sharmin Sultana,graysarah@yahoo.com,1234568302,Gazipur
413,Arif Hossain,katherine84@hodges.com,1234568303,Rajshahi
414,Imran Hossain,gregorynielsen@johnson.com,1234568304,Barishal
415,Karim Uddin,robert54@hall.com,1234568305,Narayanganj
416,Imran Hossain,sarah27@hotmail.com,1234568306,Gazipur
417,Karim Uddin,floresricardo@smith.org,1234568307,Sylhet
418,Tanjila Rahman,grahamvictor@sutton.com,1234568308,Khulna
419,Farhana Akter,sarah23@yahoo.com,1234568309,Mymensingh
420,Nayeem Hasan,donaldjohnson@yahoo.com,1234568310,Khulna
421,Sharmin Sultana,megan55@ruiz.org,1234568311,Rajshahi
422,Arif Hossain,charles30@miller.com,1234568312,Barishal
423,Sharmin Sultana,wmedina@hotmail.com,1234568313,Barishal
424,Farhana Akter,kimcurtis@castillo-howe.com,1234568314,Khulna
425,Sadia Islam,williamslindsey@yahoo.com,1234568315,Rajshahi
426,Mim Akter,lori14@gmail.com,1234568316,Barishal
427,Nayeem Hasan,stacey22@campbell-douglas.com,1234568317,Rajshahi
428,Sabbir Hossain,jacklutz@hotmail.com,1234568318,Sylhet
429,Rafi Ahmed,crystalnoble@gmail.com,1234568319,Rangpur
430,Farhana Akter,harrisbrooke@campbell.com,1234568320,Gazipur
431,Sadia Islam,vsanders@gmail.com,1234568321,Rangpur
432,Rahim Ahmed,patricia65@yahoo.com,1234568322,Narayanganj
433,Sabbir Hossain,swagner@robertson.net,1234568323,Rajshahi
434,Sharmin Sultana,nicole84@hotmail.com,1234568324,Rangpur
435,Farhana Akter,darrell16@mann.com,1234568325,Khulna
436,Arif Hossain,jennifer47@curry.com,1234568326,Chattogram
437,Sharmin Sultana,russellpriscilla@gmail.com,1234568327,Gazipur
438,Sadia Islam,rachel07@gmail.com,1234568328,Rangpur
439,Karim Uddin,melanie56@fleming.com,1234568329,Narayanganj
440,Rahim Ahmed,sanchezemily@hotmail.com,1234568330,Barishal
441,Nusrat Jahan,ryan06@hudson.org,1234568331,Sylhet
442,Rafi Ahmed,teresacowan@hotmail.com,1234568332,Dhaka
443,Farhana Akter,daviskyle@hotmail.com,1234568333,Gazipur
444,Sadia Islam,castillocarl@gross.org,1234568334,Barishal
445,Karim Uddin,antoniowilkerson@hotmail.com,1234568335,Khulna
446,Mim Akter,gjacobs@gmail.com,1234568336,Mymensingh
447,Imran Hossain,jchaney@yahoo.com,1234568337,Rajshahi
448,Rahim Ahmed,michaeljohnson@gmail.com,1234568338,Barishal
449,Mim Akter,hartwendy@sanchez.info,1234568339,Khulna
450,Rafi Ahmed,ccook@scott.com,1234568340,Sylhet
451,Tanjila Rahman,vbryant@hotmail.com,1234568341,Khulna
452,Nusrat Jahan,tiffanyharrison@lopez-webb.com,1234568342,Mymensingh
453,Farhana Akter,regina79@wilson.biz,1234568343,Rangpur
454,Sadia Islam,calexander@yahoo.com,1234568344,Chattogram
455,Rafi Ahmed,eblankenship@gmail.com,1234568345,Rajshahi
456,Arif Hossain,mccarthycathy@gmail.com,1234568346,Mymensingh
457,Sabbir Hossain,jennifer45@weiss-perry.com,1234568347,Dhaka
458,Mim Akter,alyssanash@perez-luna.net,1234568348,Mymensingh
459,Nayeem Hasan,joseph12@villegas-french.biz,1234568349,Barishal
460,Tanvir Hasan,dukebrandon@hotmail.com,1234568350,Mymensingh
461,Sabbir Hossain,webbteresa@gutierrez-garcia.com,1234568351,Sylhet
462,Rafi Ahmed,ebrown@ewing-warner.com,1234568352,Gazipur
463,Karim Uddin,martinezdarren@hotmail.com,1234568353,Dhaka
464,Sharmin Sultana,hroth@hotmail.com,1234568354,Rangpur
465,Arif Hossain,dustin35@davenport.org,1234568355,Rajshahi
466,Arif Hossain,areynolds@herring.info,1234568356,Narayanganj
467,Rahim Ahmed,tony39@hotmail.com,1234568357,Rajshahi
468,Mehedi Hasan,stokesrebecca@gmail.com,1234568358,Rajshahi
469,Sadia Islam,psmith@yahoo.com,1234568359,Mymensingh
470,Rahim Ahmed,kmullins@crawford.com,1234568360,Barishal
471,Nusrat Jahan,johnsongeorge@gmail.com,1234568361,Rajshahi
472,Arif Hossain,schultznathan@yahoo.com,1234568362,Chattogram
473,Arif Hossain,erinmeyer@sellers.org,1234568363,Khulna
474,Imran Hossain,rogersbill@gmail.com,1234568364,Barishal
475,Karim Uddin,dawnmartin@hotmail.com,1234568365,Sylhet
476,Imran Hossain,robertomoore@lee-kemp.net,1234568366,Rangpur
477,Nusrat Jahan,wcobb@morales-sherman.com,1234568367,Gazipur
478,Farhana Akter,candiceclayton@gmail.com,1234568368,Narayanganj
479,Rahim Ahmed,lbrown@potts.com,1234568369,Chattogram
480,Nayeem Hasan,kendrashelton@robertson.com,1234568370,Rajshahi
481,Farhana Akter,dannygreen@gmail.com,1234568371,Narayanganj
482,Tanvir Hasan,maria69@gmail.com,1234568372,Narayanganj
483,Sabbir Hossain,mitchelljesus@jones-bartlett.com,1234568373,Sylhet
484,Karim Uddin,hawkinstiffany@hotmail.com,1234568374,Mymensingh
485,Nayeem Hasan,john28@gmail.com,1234568375,Sylhet
486,Sharmin Sultana,eric02@johnson.com,1234568376,Rajshahi
487,Karim Uddin,garciazachary@hotmail.com,1234568377,Mymensingh
488,Nusrat Jahan,gregsmith@hotmail.com,1234568378,Dhaka
489,Karim Uddin,pcompton@gmail.com,1234568379,Barishal
490,Imran Hossain,christopher21@young.com,1234568380,Sylhet
491,Karim Uddin,jasongutierrez@gmail.com,1234568381,Narayanganj
492,Mehedi Hasan,millerandre@hayes.org,1234568382,Sylhet
493,Rafi Ahmed,lhorton@silva-marshall.com,1234568383,Sylhet
494,Mehedi Hasan,lstanley@yahoo.com,1234568384,Mymensingh
495,Mehedi Hasan,donaldmadden@hotmail.com,1234568385,Barishal
496,Tanvir Hasan,patricia02@vega-callahan.com,1234568386,Khulna
497,Sadia Islam,murphytheodore@rodriguez-lopez.biz,1234568387,Narayanganj
498,Karim Uddin,jessicacoleman@yahoo.com,1234568388,Rajshahi
499,Sadia Islam,suzannemartinez@gmail.com,1234568389,Chattogram
500,Rafi Ahmed,maydavid@maldonado.org,1234568390,Narayanganj
